group,sub_group,subject,filename
SLI,A,413,ENNI/SLI/A/413.cha
SLI,A,444,ENNI/SLI/A/444.cha
SLI,A,479,ENNI/SLI/A/479.cha
SLI,A,529,ENNI/SLI/A/529.cha
SLI,A,568,ENNI/SLI/A/568.cha
SLI,A,570,ENNI/SLI/A/570.cha
SLI,A,572,ENNI/SLI/A/572.cha
SLI,A,574,ENNI/SLI/A/574.cha
SLI,A,607,ENNI/SLI/A/607.cha
SLI,A,609,ENNI/SLI/A/609.cha
SLI,A,617,ENNI/SLI/A/617.cha
SLI,A,625,ENNI/SLI/A/625.cha
SLI,A,678,ENNI/SLI/A/678.cha
SLI,A,717,ENNI/SLI/A/717.cha
SLI,A,721,ENNI/SLI/A/721.cha
SLI,A,725,ENNI/SLI/A/725.cha
SLI,A,729,ENNI/SLI/A/729.cha
SLI,A,733,ENNI/SLI/A/733.cha
SLI,A,777,ENNI/SLI/A/777.cha
SLI,A,817,ENNI/SLI/A/817.cha
SLI,A,821,ENNI/SLI/A/821.cha
SLI,A,825,ENNI/SLI/A/825.cha
SLI,A,829,ENNI/SLI/A/829.cha
SLI,A,871,ENNI/SLI/A/871.cha
SLI,A,878,ENNI/SLI/A/878.cha
SLI,A,880,ENNI/SLI/A/880.cha
SLI,A,922,ENNI/SLI/A/922.cha
SLI,A,926,ENNI/SLI/A/926.cha
SLI,A,973,ENNI/SLI/A/973.cha
SLI,B,427,ENNI/SLI/B/427.cha
SLI,B,480,ENNI/SLI/B/480.cha
SLI,B,527,ENNI/SLI/B/527.cha
SLI,B,531,ENNI/SLI/B/531.cha
SLI,B,535,ENNI/SLI/B/535.cha
SLI,B,567,ENNI/SLI/B/567.cha
SLI,B,569,ENNI/SLI/B/569.cha
SLI,B,576,ENNI/SLI/B/576.cha
SLI,B,611,ENNI/SLI/B/611.cha
SLI,B,667,ENNI/SLI/B/667.cha
SLI,B,673,ENNI/SLI/B/673.cha
SLI,B,679,ENNI/SLI/B/679.cha
SLI,B,680,ENNI/SLI/B/680.cha
SLI,B,723,ENNI/SLI/B/723.cha
SLI,B,727,ENNI/SLI/B/727.cha
SLI,B,731,ENNI/SLI/B/731.cha
SLI,B,735,ENNI/SLI/B/735.cha
SLI,B,739,ENNI/SLI/B/739.cha
SLI,B,774,ENNI/SLI/B/774.cha
SLI,B,778,ENNI/SLI/B/778.cha
SLI,B,819,ENNI/SLI/B/819.cha
SLI,B,823,ENNI/SLI/B/823.cha
SLI,B,827,ENNI/SLI/B/827.cha
SLI,B,831,ENNI/SLI/B/831.cha
SLI,B,870,ENNI/SLI/B/870.cha
SLI,B,872,ENNI/SLI/B/872.cha
SLI,B,874,ENNI/SLI/B/874.cha
SLI,B,875,ENNI/SLI/B/875.cha
SLI,B,877,ENNI/SLI/B/877.cha
SLI,B,879,ENNI/SLI/B/879.cha
SLI,B,903,ENNI/SLI/B/903.cha
SLI,B,920,ENNI/SLI/B/920.cha
SLI,B,924,ENNI/SLI/B/924.cha
SLI,B,928,ENNI/SLI/B/928.cha
SLI,B,932,ENNI/SLI/B/932.cha
SLI,B,934,ENNI/SLI/B/934.cha
SLI,B,935,ENNI/SLI/B/935.cha
TD,A,401,ENNI/TD/A/401.cha
TD,A,402,ENNI/TD/A/402.cha
TD,A,405,ENNI/TD/A/405.cha
TD,A,406,ENNI/TD/A/406.cha
TD,A,409,ENNI/TD/A/409.cha
TD,A,410,ENNI/TD/A/410.cha
TD,A,414,ENNI/TD/A/414.cha
TD,A,417,ENNI/TD/A/417.cha
TD,A,418,ENNI/TD/A/418.cha
TD,A,421,ENNI/TD/A/421.cha
TD,A,425,ENNI/TD/A/425.cha
TD,A,429,ENNI/TD/A/429.cha
TD,A,441,ENNI/TD/A/441.cha
TD,A,448,ENNI/TD/A/448.cha
TD,A,452,ENNI/TD/A/452.cha
TD,A,456,ENNI/TD/A/456.cha
TD,A,457,ENNI/TD/A/457.cha
TD,A,460,ENNI/TD/A/460.cha
TD,A,464,ENNI/TD/A/464.cha
TD,A,468,ENNI/TD/A/468.cha
TD,A,471,ENNI/TD/A/471.cha
TD,A,501,ENNI/TD/A/501.cha
TD,A,502,ENNI/TD/A/502.cha
TD,A,505,ENNI/TD/A/505.cha
TD,A,506,ENNI/TD/A/506.cha
TD,A,509,ENNI/TD/A/509.cha
TD,A,510,ENNI/TD/A/510.cha
TD,A,513,ENNI/TD/A/513.cha
TD,A,514,ENNI/TD/A/514.cha
TD,A,517,ENNI/TD/A/517.cha
TD,A,518,ENNI/TD/A/518.cha
TD,A,522,ENNI/TD/A/522.cha
TD,A,526,ENNI/TD/A/526.cha
TD,A,530,ENNI/TD/A/530.cha
TD,A,538,ENNI/TD/A/538.cha
TD,A,541,ENNI/TD/A/541.cha
TD,A,544,ENNI/TD/A/544.cha
TD,A,545,ENNI/TD/A/545.cha
TD,A,548,ENNI/TD/A/548.cha
TD,A,549,ENNI/TD/A/549.cha
TD,A,553,ENNI/TD/A/553.cha
TD,A,555,ENNI/TD/A/555.cha
TD,A,559,ENNI/TD/A/559.cha
TD,A,561,ENNI/TD/A/561.cha
TD,A,562,ENNI/TD/A/562.cha
TD,A,564,ENNI/TD/A/564.cha
TD,A,601,ENNI/TD/A/601.cha
TD,A,602,ENNI/TD/A/602.cha
TD,A,605,ENNI/TD/A/605.cha
TD,A,606,ENNI/TD/A/606.cha
TD,A,610,ENNI/TD/A/610.cha
TD,A,614,ENNI/TD/A/614.cha
TD,A,618,ENNI/TD/A/618.cha
TD,A,622,ENNI/TD/A/622.cha
TD,A,626,ENNI/TD/A/626.cha
TD,A,630,ENNI/TD/A/630.cha
TD,A,634,ENNI/TD/A/634.cha
TD,A,637,ENNI/TD/A/637.cha
TD,A,641,ENNI/TD/A/641.cha
TD,A,645,ENNI/TD/A/645.cha
TD,A,649,ENNI/TD/A/649.cha
TD,A,650,ENNI/TD/A/650.cha
TD,A,653,ENNI/TD/A/653.cha
TD,A,654,ENNI/TD/A/654.cha
TD,A,657,ENNI/TD/A/657.cha
TD,A,660,ENNI/TD/A/660.cha
TD,A,661,ENNI/TD/A/661.cha
TD,A,665,ENNI/TD/A/665.cha
TD,A,670,ENNI/TD/A/670.cha
TD,A,671,ENNI/TD/A/671.cha
TD,A,677,ENNI/TD/A/677.cha
TD,A,701,ENNI/TD/A/701.cha
TD,A,702,ENNI/TD/A/702.cha
TD,A,705,ENNI/TD/A/705.cha
TD,A,706,ENNI/TD/A/706.cha
TD,A,709,ENNI/TD/A/709.cha
TD,A,713,ENNI/TD/A/713.cha
TD,A,714,ENNI/TD/A/714.cha
TD,A,718,ENNI/TD/A/718.cha
TD,A,722,ENNI/TD/A/722.cha
TD,A,726,ENNI/TD/A/726.cha
TD,A,730,ENNI/TD/A/730.cha
TD,A,737,ENNI/TD/A/737.cha
TD,A,738,ENNI/TD/A/738.cha
TD,A,746,ENNI/TD/A/746.cha
TD,A,752,ENNI/TD/A/752.cha
TD,A,756,ENNI/TD/A/756.cha
TD,A,757,ENNI/TD/A/757.cha
TD,A,761,ENNI/TD/A/761.cha
TD,A,762,ENNI/TD/A/762.cha
TD,A,765,ENNI/TD/A/765.cha
TD,A,766,ENNI/TD/A/766.cha
TD,A,767,ENNI/TD/A/767.cha
TD,A,769,ENNI/TD/A/769.cha
TD,A,771,ENNI/TD/A/771.cha
TD,A,773,ENNI/TD/A/773.cha
TD,A,801,ENNI/TD/A/801.cha
TD,A,802,ENNI/TD/A/802.cha
TD,A,805,ENNI/TD/A/805.cha
TD,A,806,ENNI/TD/A/806.cha
TD,A,809,ENNI/TD/A/809.cha
TD,A,810,ENNI/TD/A/810.cha
TD,A,813,ENNI/TD/A/813.cha
TD,A,818,ENNI/TD/A/818.cha
TD,A,830,ENNI/TD/A/830.cha
TD,A,836,ENNI/TD/A/836.cha
TD,A,837,ENNI/TD/A/837.cha
TD,A,840,ENNI/TD/A/840.cha
TD,A,844,ENNI/TD/A/844.cha
TD,A,845,ENNI/TD/A/845.cha
TD,A,848,ENNI/TD/A/848.cha
TD,A,849,ENNI/TD/A/849.cha
TD,A,852,ENNI/TD/A/852.cha
TD,A,853,ENNI/TD/A/853.cha
TD,A,856,ENNI/TD/A/856.cha
TD,A,865,ENNI/TD/A/865.cha
TD,A,869,ENNI/TD/A/869.cha
TD,A,902,ENNI/TD/A/902.cha
TD,A,905,ENNI/TD/A/905.cha
TD,A,906,ENNI/TD/A/906.cha
TD,A,909,ENNI/TD/A/909.cha
TD,A,910,ENNI/TD/A/910.cha
TD,A,913,ENNI/TD/A/913.cha
TD,A,914,ENNI/TD/A/914.cha
TD,A,917,ENNI/TD/A/917.cha
TD,A,918,ENNI/TD/A/918.cha
TD,A,921,ENNI/TD/A/921.cha
TD,A,925,ENNI/TD/A/925.cha
TD,A,929,ENNI/TD/A/929.cha
TD,A,933,ENNI/TD/A/933.cha
TD,A,937,ENNI/TD/A/937.cha
TD,A,941,ENNI/TD/A/941.cha
TD,A,945,ENNI/TD/A/945.cha
TD,A,953,ENNI/TD/A/953.cha
TD,A,957,ENNI/TD/A/957.cha
TD,A,958,ENNI/TD/A/958.cha
TD,A,961,ENNI/TD/A/961.cha
TD,A,962,ENNI/TD/A/962.cha
TD,A,966,ENNI/TD/A/966.cha
TD,A,968,ENNI/TD/A/968.cha
TD,A,970,ENNI/TD/A/970.cha
TD,A,972,ENNI/TD/A/972.cha
TD,B,403,ENNI/TD/B/403.cha
TD,B,404,ENNI/TD/B/404.cha
TD,B,407,ENNI/TD/B/407.cha
TD,B,408,ENNI/TD/B/408.cha
TD,B,411,ENNI/TD/B/411.cha
TD,B,412,ENNI/TD/B/412.cha
TD,B,415,ENNI/TD/B/415.cha
TD,B,416,ENNI/TD/B/416.cha
TD,B,419,ENNI/TD/B/419.cha
TD,B,423,ENNI/TD/B/423.cha
TD,B,439,ENNI/TD/B/439.cha
TD,B,443,ENNI/TD/B/443.cha
TD,B,446,ENNI/TD/B/446.cha
TD,B,450,ENNI/TD/B/450.cha
TD,B,454,ENNI/TD/B/454.cha
TD,B,455,ENNI/TD/B/455.cha
TD,B,458,ENNI/TD/B/458.cha
TD,B,459,ENNI/TD/B/459.cha
TD,B,461,ENNI/TD/B/461.cha
TD,B,463,ENNI/TD/B/463.cha
TD,B,465,ENNI/TD/B/465.cha
TD,B,466,ENNI/TD/B/466.cha
TD,B,469,ENNI/TD/B/469.cha
TD,B,472,ENNI/TD/B/472.cha
TD,B,503,ENNI/TD/B/503.cha
TD,B,504,ENNI/TD/B/504.cha
TD,B,507,ENNI/TD/B/507.cha
TD,B,508,ENNI/TD/B/508.cha
TD,B,511,ENNI/TD/B/511.cha
TD,B,512,ENNI/TD/B/512.cha
TD,B,515,ENNI/TD/B/515.cha
TD,B,516,ENNI/TD/B/516.cha
TD,B,520,ENNI/TD/B/520.cha
TD,B,523,ENNI/TD/B/523.cha
TD,B,524,ENNI/TD/B/524.cha
TD,B,528,ENNI/TD/B/528.cha
TD,B,532,ENNI/TD/B/532.cha
TD,B,533,ENNI/TD/B/533.cha
TD,B,536,ENNI/TD/B/536.cha
TD,B,539,ENNI/TD/B/539.cha
TD,B,543,ENNI/TD/B/543.cha
TD,B,547,ENNI/TD/B/547.cha
TD,B,551,ENNI/TD/B/551.cha
TD,B,557,ENNI/TD/B/557.cha
TD,B,565,ENNI/TD/B/565.cha
TD,B,571,ENNI/TD/B/571.cha
TD,B,603,ENNI/TD/B/603.cha
TD,B,604,ENNI/TD/B/604.cha
TD,B,608,ENNI/TD/B/608.cha
TD,B,612,ENNI/TD/B/612.cha
TD,B,615,ENNI/TD/B/615.cha
TD,B,616,ENNI/TD/B/616.cha
TD,B,620,ENNI/TD/B/620.cha
TD,B,624,ENNI/TD/B/624.cha
TD,B,628,ENNI/TD/B/628.cha
TD,B,632,ENNI/TD/B/632.cha
TD,B,636,ENNI/TD/B/636.cha
TD,B,639,ENNI/TD/B/639.cha
TD,B,647,ENNI/TD/B/647.cha
TD,B,648,ENNI/TD/B/648.cha
TD,B,651,ENNI/TD/B/651.cha
TD,B,652,ENNI/TD/B/652.cha
TD,B,655,ENNI/TD/B/655.cha
TD,B,656,ENNI/TD/B/656.cha
TD,B,658,ENNI/TD/B/658.cha
TD,B,659,ENNI/TD/B/659.cha
TD,B,663,ENNI/TD/B/663.cha
TD,B,664,ENNI/TD/B/664.cha
TD,B,669,ENNI/TD/B/669.cha
TD,B,676,ENNI/TD/B/676.cha
TD,B,704,ENNI/TD/B/704.cha
TD,B,707,ENNI/TD/B/707.cha
TD,B,708,ENNI/TD/B/708.cha
TD,B,711,ENNI/TD/B/711.cha
TD,B,712,ENNI/TD/B/712.cha
TD,B,716,ENNI/TD/B/716.cha
TD,B,720,ENNI/TD/B/720.cha
TD,B,724,ENNI/TD/B/724.cha
TD,B,728,ENNI/TD/B/728.cha
TD,B,732,ENNI/TD/B/732.cha
TD,B,736,ENNI/TD/B/736.cha
TD,B,743,ENNI/TD/B/743.cha
TD,B,744,ENNI/TD/B/744.cha
TD,B,748,ENNI/TD/B/748.cha
TD,B,750,ENNI/TD/B/750.cha
TD,B,754,ENNI/TD/B/754.cha
TD,B,755,ENNI/TD/B/755.cha
TD,B,758,ENNI/TD/B/758.cha
TD,B,759,ENNI/TD/B/759.cha
TD,B,760,ENNI/TD/B/760.cha
TD,B,763,ENNI/TD/B/763.cha
TD,B,764,ENNI/TD/B/764.cha
TD,B,768,ENNI/TD/B/768.cha
TD,B,770,ENNI/TD/B/770.cha
TD,B,772,ENNI/TD/B/772.cha
TD,B,803,ENNI/TD/B/803.cha
TD,B,804,ENNI/TD/B/804.cha
TD,B,808,ENNI/TD/B/808.cha
TD,B,811,ENNI/TD/B/811.cha
TD,B,812,ENNI/TD/B/812.cha
TD,B,815,ENNI/TD/B/815.cha
TD,B,816,ENNI/TD/B/816.cha
TD,B,820,ENNI/TD/B/820.cha
TD,B,822,ENNI/TD/B/822.cha
TD,B,824,ENNI/TD/B/824.cha
TD,B,826,ENNI/TD/B/826.cha
TD,B,828,ENNI/TD/B/828.cha
TD,B,834,ENNI/TD/B/834.cha
TD,B,838,ENNI/TD/B/838.cha
TD,B,842,ENNI/TD/B/842.cha
TD,B,843,ENNI/TD/B/843.cha
TD,B,847,ENNI/TD/B/847.cha
TD,B,850,ENNI/TD/B/850.cha
TD,B,851,ENNI/TD/B/851.cha
TD,B,854,ENNI/TD/B/854.cha
TD,B,863,ENNI/TD/B/863.cha
TD,B,866,ENNI/TD/B/866.cha
TD,B,867,ENNI/TD/B/867.cha
TD,B,868,ENNI/TD/B/868.cha
TD,B,904,ENNI/TD/B/904.cha
TD,B,907,ENNI/TD/B/907.cha
TD,B,908,ENNI/TD/B/908.cha
TD,B,911,ENNI/TD/B/911.cha
TD,B,912,ENNI/TD/B/912.cha
TD,B,915,ENNI/TD/B/915.cha
TD,B,916,ENNI/TD/B/916.cha
TD,B,919,ENNI/TD/B/919.cha
TD,B,923,ENNI/TD/B/923.cha
TD,B,927,ENNI/TD/B/927.cha
TD,B,931,ENNI/TD/B/931.cha
TD,B,939,ENNI/TD/B/939.cha
TD,B,947,ENNI/TD/B/947.cha
TD,B,949,ENNI/TD/B/949.cha
TD,B,951,ENNI/TD/B/951.cha
TD,B,955,ENNI/TD/B/955.cha
TD,B,956,ENNI/TD/B/956.cha
TD,B,959,ENNI/TD/B/959.cha
TD,B,960,ENNI/TD/B/960.cha
TD,B,963,ENNI/TD/B/963.cha
TD,B,964,ENNI/TD/B/964.cha
TD,B,967,ENNI/TD/B/967.cha
TD,B,969,ENNI/TD/B/969.cha
TD,B,971,ENNI/TD/B/971.cha
TD,B,974,ENNI/TD/B/974.cha
